{
    "ndcg": {
        "NDCG@1": 0.50667,
        "NDCG@3": 0.60141,
        "NDCG@5": 0.62748,
        "NDCG@10": 0.6417,
        "NDCG@20": 0.6507,
        "NDCG@100": 0.66816
    },
    "map": {
        "MAP@1": 0.48361,
        "MAP@3": 0.57069,
        "MAP@5": 0.58774,
        "MAP@10": 0.59464,
        "MAP@20": 0.5975,
        "MAP@100": 0.60002
    },
    "recall": {
        "Recall@1": 0.48361,
        "Recall@3": 0.66494,
        "Recall@5": 0.73,
        "Recall@10": 0.77106,
        "Recall@20": 0.80522,
        "Recall@100": 0.897
    },
    "precicion": {
        "P@1": 0.50667,
        "P@3": 0.24222,
        "P@5": 0.162,
        "P@10": 0.087,
        "P@20": 0.0455,
        "P@100": 0.0102
    },
    "mrr": {
        "MRR@1": 0.50667,
        "MRR@3": 0.58611,
        "MRR@5": 0.60111,
        "MRR@10": 0.60569,
        "MRR@20": 0.6078,
        "MRR@100": 0.6098
    }
}