{
    "ndcg": {
        "NDCG@1": 0.2532,
        "NDCG@3": 0.38481,
        "NDCG@5": 0.4366,
        "NDCG@10": 0.49056,
        "NDCG@20": 0.51856,
        "NDCG@100": 0.53447
    },
    "map": {
        "MAP@1": 0.2532,
        "MAP@3": 0.35088,
        "MAP@5": 0.37958,
        "MAP@10": 0.4018,
        "MAP@20": 0.40974,
        "MAP@100": 0.41211
    },
    "recall": {
        "Recall@1": 0.2532,
        "Recall@3": 0.48364,
        "Recall@5": 0.60953,
        "Recall@10": 0.77667,
        "Recall@20": 0.88549,
        "Recall@100": 0.96871
    },
    "precicion": {
        "P@1": 0.2532,
        "P@3": 0.16121,
        "P@5": 0.12191,
        "P@10": 0.07767,
        "P@20": 0.04427,
        "P@100": 0.00969
    },
    "mrr": {
        "MRR@1": 0.26102,
        "MRR@3": 0.35372,
        "MRR@5": 0.38242,
        "MRR@10": 0.40497,
        "MRR@20": 0.41281,
        "MRR@100": 0.41521
    }
}