{
    "ndcg": {
        "NDCG@1": 0.52333,
        "NDCG@3": 0.60285,
        "NDCG@5": 0.61956,
        "NDCG@10": 0.6452,
        "NDCG@20": 0.65562,
        "NDCG@100": 0.66981
    },
    "map": {
        "MAP@1": 0.50083,
        "MAP@3": 0.57724,
        "MAP@5": 0.58802,
        "MAP@10": 0.60039,
        "MAP@20": 0.60381,
        "MAP@100": 0.60623
    },
    "recall": {
        "Recall@1": 0.50083,
        "Recall@3": 0.65272,
        "Recall@5": 0.69517,
        "Recall@10": 0.76989,
        "Recall@20": 0.80756,
        "Recall@100": 0.877
    },
    "precicion": {
        "P@1": 0.52333,
        "P@3": 0.23667,
        "P@5": 0.154,
        "P@10": 0.08633,
        "P@20": 0.04567,
        "P@100": 0.01
    },
    "mrr": {
        "MRR@1": 0.52333,
        "MRR@3": 0.59389,
        "MRR@5": 0.60339,
        "MRR@10": 0.61251,
        "MRR@20": 0.61513,
        "MRR@100": 0.61705
    }
}