{
    "ndcg": {
        "NDCG@1": 0.29445,
        "NDCG@3": 0.43261,
        "NDCG@5": 0.48381,
        "NDCG@10": 0.53903,
        "NDCG@20": 0.56157,
        "NDCG@100": 0.57487
    },
    "map": {
        "MAP@1": 0.29445,
        "MAP@3": 0.39723,
        "MAP@5": 0.4256,
        "MAP@10": 0.44854,
        "MAP@20": 0.45494,
        "MAP@100": 0.45697
    },
    "recall": {
        "Recall@1": 0.29445,
        "Recall@3": 0.53556,
        "Recall@5": 0.66003,
        "Recall@10": 0.83001,
        "Recall@20": 0.9175,
        "Recall@100": 0.98649
    },
    "precicion": {
        "P@1": 0.29445,
        "P@3": 0.17852,
        "P@5": 0.13201,
        "P@10": 0.083,
        "P@20": 0.04587,
        "P@100": 0.00986
    },
    "mrr": {
        "MRR@1": 0.30228,
        "MRR@3": 0.40019,
        "MRR@5": 0.42892,
        "MRR@10": 0.45179,
        "MRR@20": 0.45816,
        "MRR@100": 0.46015
    }
}