{
    "ndcg": {
        "NDCG@1": 0.27312,
        "NDCG@3": 0.41955,
        "NDCG@5": 0.46752,
        "NDCG@10": 0.51631,
        "NDCG@20": 0.54575,
        "NDCG@100": 0.55954
    },
    "map": {
        "MAP@1": 0.27312,
        "MAP@3": 0.38276,
        "MAP@5": 0.40951,
        "MAP@10": 0.42952,
        "MAP@20": 0.43787,
        "MAP@100": 0.43989
    },
    "recall": {
        "Recall@1": 0.27312,
        "Recall@3": 0.52632,
        "Recall@5": 0.64225,
        "Recall@10": 0.79374,
        "Recall@20": 0.90825,
        "Recall@100": 0.9808
    },
    "precicion": {
        "P@1": 0.27312,
        "P@3": 0.17544,
        "P@5": 0.12845,
        "P@10": 0.07937,
        "P@20": 0.04541,
        "P@100": 0.00981
    },
    "mrr": {
        "MRR@1": 0.27952,
        "MRR@3": 0.38466,
        "MRR@5": 0.41211,
        "MRR@10": 0.43238,
        "MRR@20": 0.44069,
        "MRR@100": 0.44275
    }
}