{
    "ndcg": {
        "NDCG@1": 0.52,
        "NDCG@3": 0.59866,
        "NDCG@5": 0.6219,
        "NDCG@10": 0.64141,
        "NDCG@20": 0.65078,
        "NDCG@100": 0.66935
    },
    "map": {
        "MAP@1": 0.4975,
        "MAP@3": 0.5713,
        "MAP@5": 0.58705,
        "MAP@10": 0.59672,
        "MAP@20": 0.59971,
        "MAP@100": 0.60289
    },
    "recall": {
        "Recall@1": 0.4975,
        "Recall@3": 0.65161,
        "Recall@5": 0.70922,
        "Recall@10": 0.76344,
        "Recall@20": 0.79856,
        "Recall@100": 0.89267
    },
    "precicion": {
        "P@1": 0.52,
        "P@3": 0.23667,
        "P@5": 0.15667,
        "P@10": 0.086,
        "P@20": 0.04517,
        "P@100": 0.01017
    },
    "mrr": {
        "MRR@1": 0.52,
        "MRR@3": 0.58944,
        "MRR@5": 0.60161,
        "MRR@10": 0.60865,
        "MRR@20": 0.61078,
        "MRR@100": 0.61294
    }
}