{
    "ndcg": {
        "NDCG@1": 0.41022,
        "NDCG@3": 0.38276,
        "NDCG@5": 0.35542,
        "NDCG@10": 0.32153,
        "NDCG@20": 0.29861,
        "NDCG@100": 0.28598
    },
    "map": {
        "MAP@1": 0.05098,
        "MAP@3": 0.0899,
        "MAP@5": 0.10211,
        "MAP@10": 0.11824,
        "MAP@20": 0.1311,
        "MAP@100": 0.1475
    },
    "recall": {
        "Recall@1": 0.05098,
        "Recall@3": 0.10092,
        "Recall@5": 0.11955,
        "Recall@10": 0.14984,
        "Recall@20": 0.18543,
        "Recall@100": 0.2717
    },
    "precicion": {
        "P@1": 0.42724,
        "P@3": 0.36326,
        "P@5": 0.30898,
        "P@10": 0.23808,
        "P@20": 0.1757,
        "P@100": 0.07257
    },
    "mrr": {
        "MRR@1": 0.43653,
        "MRR@3": 0.50464,
        "MRR@5": 0.51486,
        "MRR@10": 0.52104,
        "MRR@20": 0.52467,
        "MRR@100": 0.52697
    }
}