{
    "ndcg": {
        "NDCG@1": 0.2468,
        "NDCG@3": 0.38304,
        "NDCG@5": 0.4262,
        "NDCG@10": 0.48457,
        "NDCG@20": 0.5162,
        "NDCG@100": 0.53219
    },
    "map": {
        "MAP@1": 0.2468,
        "MAP@3": 0.34886,
        "MAP@5": 0.37287,
        "MAP@10": 0.39679,
        "MAP@20": 0.40575,
        "MAP@100": 0.40817
    },
    "recall": {
        "Recall@1": 0.2468,
        "Recall@3": 0.48222,
        "Recall@5": 0.58677,
        "Recall@10": 0.76814,
        "Recall@20": 0.89118,
        "Recall@100": 0.9744
    },
    "precicion": {
        "P@1": 0.2468,
        "P@3": 0.16074,
        "P@5": 0.11735,
        "P@10": 0.07681,
        "P@20": 0.04456,
        "P@100": 0.00974
    },
    "mrr": {
        "MRR@1": 0.2532,
        "MRR@3": 0.35171,
        "MRR@5": 0.37543,
        "MRR@10": 0.39941,
        "MRR@20": 0.40843,
        "MRR@100": 0.41085
    }
}