{
    "ndcg": {
        "NDCG@1": 0.41796,
        "NDCG@3": 0.37882,
        "NDCG@5": 0.35287,
        "NDCG@10": 0.31983,
        "NDCG@20": 0.29207,
        "NDCG@100": 0.28001
    },
    "map": {
        "MAP@1": 0.05009,
        "MAP@3": 0.08751,
        "MAP@5": 0.09984,
        "MAP@10": 0.11617,
        "MAP@20": 0.12748,
        "MAP@100": 0.14302
    },
    "recall": {
        "Recall@1": 0.05009,
        "Recall@3": 0.09865,
        "Recall@5": 0.11678,
        "Recall@10": 0.15033,
        "Recall@20": 0.1792,
        "Recall@100": 0.26994
    },
    "precicion": {
        "P@1": 0.43653,
        "P@3": 0.35707,
        "P@5": 0.30588,
        "P@10": 0.23622,
        "P@20": 0.17012,
        "P@100": 0.07105
    },
    "mrr": {
        "MRR@1": 0.44272,
        "MRR@3": 0.5031,
        "MRR@5": 0.51362,
        "MRR@10": 0.52123,
        "MRR@20": 0.52442,
        "MRR@100": 0.52687
    }
}