{
    "ndcg": {
        "NDCG@1": 0.24964,
        "NDCG@3": 0.3684,
        "NDCG@5": 0.42081,
        "NDCG@10": 0.47944,
        "NDCG@20": 0.50715,
        "NDCG@100": 0.52579
    },
    "map": {
        "MAP@1": 0.24964,
        "MAP@3": 0.33807,
        "MAP@5": 0.36731,
        "MAP@10": 0.39176,
        "MAP@20": 0.39977,
        "MAP@100": 0.40255
    },
    "recall": {
        "Recall@1": 0.24964,
        "Recall@3": 0.45661,
        "Recall@5": 0.58321,
        "Recall@10": 0.76316,
        "Recall@20": 0.86984,
        "Recall@100": 0.96728
    },
    "precicion": {
        "P@1": 0.24964,
        "P@3": 0.1522,
        "P@5": 0.11664,
        "P@10": 0.07632,
        "P@20": 0.04349,
        "P@100": 0.00967
    },
    "mrr": {
        "MRR@1": 0.25605,
        "MRR@3": 0.34163,
        "MRR@5": 0.36976,
        "MRR@10": 0.3943,
        "MRR@20": 0.4023,
        "MRR@100": 0.40515
    }
}