{
    "ndcg": {
        "NDCG@1": 0.40557,
        "NDCG@3": 0.37883,
        "NDCG@5": 0.353,
        "NDCG@10": 0.31982,
        "NDCG@20": 0.29463,
        "NDCG@100": 0.28223
    },
    "map": {
        "MAP@1": 0.05048,
        "MAP@3": 0.08884,
        "MAP@5": 0.10012,
        "MAP@10": 0.11603,
        "MAP@20": 0.12883,
        "MAP@100": 0.14517
    },
    "recall": {
        "Recall@1": 0.05048,
        "Recall@3": 0.10139,
        "Recall@5": 0.1204,
        "Recall@10": 0.14758,
        "Recall@20": 0.18013,
        "Recall@100": 0.27309
    },
    "precicion": {
        "P@1": 0.42105,
        "P@3": 0.36017,
        "P@5": 0.30341,
        "P@10": 0.23684,
        "P@20": 0.17399,
        "P@100": 0.07232
    },
    "mrr": {
        "MRR@1": 0.43344,
        "MRR@3": 0.50052,
        "MRR@5": 0.51228,
        "MRR@10": 0.51719,
        "MRR@20": 0.51963,
        "MRR@100": 0.52205
    }
}