{
    "ndcg": {
        "NDCG@1": 0.25818,
        "NDCG@3": 0.39188,
        "NDCG@5": 0.4444,
        "NDCG@10": 0.49601,
        "NDCG@20": 0.52291,
        "NDCG@100": 0.54032
    },
    "map": {
        "MAP@1": 0.25818,
        "MAP@3": 0.35787,
        "MAP@5": 0.38689,
        "MAP@10": 0.40824,
        "MAP@20": 0.41587,
        "MAP@100": 0.41848
    },
    "recall": {
        "Recall@1": 0.25818,
        "Recall@3": 0.49075,
        "Recall@5": 0.61878,
        "Recall@10": 0.77809,
        "Recall@20": 0.88265,
        "Recall@100": 0.97368
    },
    "precicion": {
        "P@1": 0.25818,
        "P@3": 0.16358,
        "P@5": 0.12376,
        "P@10": 0.07781,
        "P@20": 0.04413,
        "P@100": 0.00974
    },
    "mrr": {
        "MRR@1": 0.26458,
        "MRR@3": 0.3606,
        "MRR@5": 0.38912,
        "MRR@10": 0.41079,
        "MRR@20": 0.41852,
        "MRR@100": 0.42109
    }
}