{
    "ndcg": {
        "NDCG@1": 0.40248,
        "NDCG@3": 0.38294,
        "NDCG@5": 0.35625,
        "NDCG@10": 0.32282,
        "NDCG@20": 0.29749,
        "NDCG@100": 0.286
    },
    "map": {
        "MAP@1": 0.05279,
        "MAP@3": 0.08992,
        "MAP@5": 0.10198,
        "MAP@10": 0.11948,
        "MAP@20": 0.13227,
        "MAP@100": 0.14855
    },
    "recall": {
        "Recall@1": 0.05279,
        "Recall@3": 0.09884,
        "Recall@5": 0.11752,
        "Recall@10": 0.15141,
        "Recall@20": 0.18307,
        "Recall@100": 0.27747
    },
    "precicion": {
        "P@1": 0.41796,
        "P@3": 0.36429,
        "P@5": 0.31022,
        "P@10": 0.23963,
        "P@20": 0.17616,
        "P@100": 0.07266
    },
    "mrr": {
        "MRR@1": 0.42724,
        "MRR@3": 0.49897,
        "MRR@5": 0.50934,
        "MRR@10": 0.51533,
        "MRR@20": 0.51801,
        "MRR@100": 0.52055
    }
}