{
    "ndcg": {
        "NDCG@1": 0.40093,
        "NDCG@3": 0.38549,
        "NDCG@5": 0.35686,
        "NDCG@10": 0.32172,
        "NDCG@20": 0.2989,
        "NDCG@100": 0.28959
    },
    "map": {
        "MAP@1": 0.05066,
        "MAP@3": 0.08825,
        "MAP@5": 0.10174,
        "MAP@10": 0.11863,
        "MAP@20": 0.13155,
        "MAP@100": 0.14862
    },
    "recall": {
        "Recall@1": 0.05066,
        "Recall@3": 0.09815,
        "Recall@5": 0.12105,
        "Recall@10": 0.15301,
        "Recall@20": 0.18342,
        "Recall@100": 0.28103
    },
    "precicion": {
        "P@1": 0.41176,
        "P@3": 0.36842,
        "P@5": 0.3096,
        "P@10": 0.23746,
        "P@20": 0.17647,
        "P@100": 0.07427
    },
    "mrr": {
        "MRR@1": 0.42105,
        "MRR@3": 0.49587,
        "MRR@5": 0.50609,
        "MRR@10": 0.51107,
        "MRR@20": 0.51459,
        "MRR@100": 0.51716
    }
}