{
    "ndcg": {
        "NDCG@1": 0.52333,
        "NDCG@3": 0.61794,
        "NDCG@5": 0.63804,
        "NDCG@10": 0.65161,
        "NDCG@20": 0.66263,
        "NDCG@100": 0.67532
    },
    "map": {
        "MAP@1": 0.4975,
        "MAP@3": 0.58498,
        "MAP@5": 0.59806,
        "MAP@10": 0.60541,
        "MAP@20": 0.60868,
        "MAP@100": 0.61076
    },
    "recall": {
        "Recall@1": 0.4975,
        "Recall@3": 0.68661,
        "Recall@5": 0.73856,
        "Recall@10": 0.77556,
        "Recall@20": 0.81689,
        "Recall@100": 0.882
    },
    "precicion": {
        "P@1": 0.52333,
        "P@3": 0.25,
        "P@5": 0.162,
        "P@10": 0.08733,
        "P@20": 0.04633,
        "P@100": 0.01007
    },
    "mrr": {
        "MRR@1": 0.52333,
        "MRR@3": 0.60333,
        "MRR@5": 0.61567,
        "MRR@10": 0.61917,
        "MRR@20": 0.62192,
        "MRR@100": 0.62326
    }
}