{
    "ndcg": {
        "NDCG@1": 0.25462,
        "NDCG@3": 0.38721,
        "NDCG@5": 0.44268,
        "NDCG@10": 0.49657,
        "NDCG@20": 0.52696,
        "NDCG@100": 0.54095
    },
    "map": {
        "MAP@1": 0.25462,
        "MAP@3": 0.3542,
        "MAP@5": 0.38503,
        "MAP@10": 0.4073,
        "MAP@20": 0.41593,
        "MAP@100": 0.41797
    },
    "recall": {
        "Recall@1": 0.25462,
        "Recall@3": 0.48293,
        "Recall@5": 0.61735,
        "Recall@10": 0.78378,
        "Recall@20": 0.90185,
        "Recall@100": 0.97582
    },
    "precicion": {
        "P@1": 0.25462,
        "P@3": 0.16098,
        "P@5": 0.12347,
        "P@10": 0.07838,
        "P@20": 0.04509,
        "P@100": 0.00976
    },
    "mrr": {
        "MRR@1": 0.26102,
        "MRR@3": 0.35775,
        "MRR@5": 0.38752,
        "MRR@10": 0.41012,
        "MRR@20": 0.41858,
        "MRR@100": 0.42058
    }
}