{
    "ndcg": {
        "NDCG@1": 0.24751,
        "NDCG@3": 0.37756,
        "NDCG@5": 0.42479,
        "NDCG@10": 0.4825,
        "NDCG@20": 0.51345,
        "NDCG@100": 0.52938
    },
    "map": {
        "MAP@1": 0.24751,
        "MAP@3": 0.34471,
        "MAP@5": 0.37096,
        "MAP@10": 0.39504,
        "MAP@20": 0.40383,
        "MAP@100": 0.40622
    },
    "recall": {
        "Recall@1": 0.24751,
        "Recall@3": 0.47297,
        "Recall@5": 0.58748,
        "Recall@10": 0.76458,
        "Recall@20": 0.88478,
        "Recall@100": 0.96799
    },
    "precicion": {
        "P@1": 0.24751,
        "P@3": 0.15766,
        "P@5": 0.1175,
        "P@10": 0.07646,
        "P@20": 0.04424,
        "P@100": 0.00968
    },
    "mrr": {
        "MRR@1": 0.25249,
        "MRR@3": 0.34744,
        "MRR@5": 0.37354,
        "MRR@10": 0.39743,
        "MRR@20": 0.40606,
        "MRR@100": 0.40841
    }
}