{
    "ndcg": {
        "NDCG@1": 0.51667,
        "NDCG@3": 0.59922,
        "NDCG@5": 0.62641,
        "NDCG@10": 0.64192,
        "NDCG@20": 0.6533,
        "NDCG@100": 0.66734
    },
    "map": {
        "MAP@1": 0.49194,
        "MAP@3": 0.57056,
        "MAP@5": 0.58767,
        "MAP@10": 0.59553,
        "MAP@20": 0.59922,
        "MAP@100": 0.60148
    },
    "recall": {
        "Recall@1": 0.49194,
        "Recall@3": 0.6555,
        "Recall@5": 0.72406,
        "Recall@10": 0.76761,
        "Recall@20": 0.80956,
        "Recall@100": 0.88167
    },
    "precicion": {
        "P@1": 0.51667,
        "P@3": 0.23778,
        "P@5": 0.16,
        "P@10": 0.086,
        "P@20": 0.04583,
        "P@100": 0.0101
    },
    "mrr": {
        "MRR@1": 0.51667,
        "MRR@3": 0.59,
        "MRR@5": 0.60433,
        "MRR@10": 0.60957,
        "MRR@20": 0.61216,
        "MRR@100": 0.61368
    }
}