{
    "ndcg": {
        "NDCG@1": 0.26458,
        "NDCG@3": 0.3875,
        "NDCG@5": 0.44637,
        "NDCG@10": 0.50101,
        "NDCG@20": 0.53088,
        "NDCG@100": 0.54586
    },
    "map": {
        "MAP@1": 0.26458,
        "MAP@3": 0.3568,
        "MAP@5": 0.38963,
        "MAP@10": 0.41239,
        "MAP@20": 0.42088,
        "MAP@100": 0.42301
    },
    "recall": {
        "Recall@1": 0.26458,
        "Recall@3": 0.47653,
        "Recall@5": 0.61878,
        "Recall@10": 0.78663,
        "Recall@20": 0.90256,
        "Recall@100": 0.98222
    },
    "precicion": {
        "P@1": 0.26458,
        "P@3": 0.15884,
        "P@5": 0.12376,
        "P@10": 0.07866,
        "P@20": 0.04513,
        "P@100": 0.00982
    },
    "mrr": {
        "MRR@1": 0.2724,
        "MRR@3": 0.36048,
        "MRR@5": 0.39252,
        "MRR@10": 0.4154,
        "MRR@20": 0.42388,
        "MRR@100": 0.42601
    }
}