{
    "ndcg": {
        "NDCG@1": 0.46,
        "NDCG@3": 0.52097,
        "NDCG@5": 0.55378,
        "NDCG@10": 0.57219,
        "NDCG@20": 0.5941,
        "NDCG@100": 0.6155
    },
    "map": {
        "MAP@1": 0.44094,
        "MAP@3": 0.49689,
        "MAP@5": 0.51801,
        "MAP@10": 0.52661,
        "MAP@20": 0.53297,
        "MAP@100": 0.53626
    },
    "recall": {
        "Recall@1": 0.44094,
        "Recall@3": 0.5655,
        "Recall@5": 0.64839,
        "Recall@10": 0.70067,
        "Recall@20": 0.78467,
        "Recall@100": 0.897
    },
    "precicion": {
        "P@1": 0.46,
        "P@3": 0.20556,
        "P@5": 0.14333,
        "P@10": 0.07933,
        "P@20": 0.04417,
        "P@100": 0.01013
    },
    "mrr": {
        "MRR@1": 0.46,
        "MRR@3": 0.51278,
        "MRR@5": 0.52944,
        "MRR@10": 0.537,
        "MRR@20": 0.54303,
        "MRR@100": 0.54546
    }
}