{
    "ndcg": {
        "NDCG@1": 0.41022,
        "NDCG@3": 0.38274,
        "NDCG@5": 0.35374,
        "NDCG@10": 0.32156,
        "NDCG@20": 0.29688,
        "NDCG@100": 0.28701
    },
    "map": {
        "MAP@1": 0.05589,
        "MAP@3": 0.09153,
        "MAP@5": 0.10487,
        "MAP@10": 0.12083,
        "MAP@20": 0.13263,
        "MAP@100": 0.14881
    },
    "recall": {
        "Recall@1": 0.05589,
        "Recall@3": 0.09977,
        "Recall@5": 0.12271,
        "Recall@10": 0.15292,
        "Recall@20": 0.18212,
        "Recall@100": 0.27714
    },
    "precicion": {
        "P@1": 0.42724,
        "P@3": 0.36223,
        "P@5": 0.30341,
        "P@10": 0.23591,
        "P@20": 0.17322,
        "P@100": 0.07232
    },
    "mrr": {
        "MRR@1": 0.43653,
        "MRR@3": 0.49845,
        "MRR@5": 0.50836,
        "MRR@10": 0.51686,
        "MRR@20": 0.5211,
        "MRR@100": 0.52266
    }
}