{
    "ndcg": {
        "NDCG@1": 0.41796,
        "NDCG@3": 0.38726,
        "NDCG@5": 0.36007,
        "NDCG@10": 0.32768,
        "NDCG@20": 0.30447,
        "NDCG@100": 0.29098
    },
    "map": {
        "MAP@1": 0.05196,
        "MAP@3": 0.09126,
        "MAP@5": 0.10394,
        "MAP@10": 0.1222,
        "MAP@20": 0.13457,
        "MAP@100": 0.15143
    },
    "recall": {
        "Recall@1": 0.05196,
        "Recall@3": 0.1014,
        "Recall@5": 0.1201,
        "Recall@10": 0.1567,
        "Recall@20": 0.18666,
        "Recall@100": 0.27612
    },
    "precicion": {
        "P@1": 0.42724,
        "P@3": 0.37049,
        "P@5": 0.31207,
        "P@10": 0.24118,
        "P@20": 0.18019,
        "P@100": 0.07381
    },
    "mrr": {
        "MRR@1": 0.43653,
        "MRR@3": 0.50258,
        "MRR@5": 0.51001,
        "MRR@10": 0.51762,
        "MRR@20": 0.52154,
        "MRR@100": 0.5238
    }
}