{
    "ndcg": {
        "NDCG@1": 0.53667,
        "NDCG@3": 0.60055,
        "NDCG@5": 0.62351,
        "NDCG@10": 0.64571,
        "NDCG@20": 0.65923,
        "NDCG@100": 0.67524
    },
    "map": {
        "MAP@1": 0.51028,
        "MAP@3": 0.57563,
        "MAP@5": 0.59187,
        "MAP@10": 0.60255,
        "MAP@20": 0.60691,
        "MAP@100": 0.60958
    },
    "recall": {
        "Recall@1": 0.51028,
        "Recall@3": 0.64394,
        "Recall@5": 0.70056,
        "Recall@10": 0.76389,
        "Recall@20": 0.81356,
        "Recall@100": 0.89367
    },
    "precicion": {
        "P@1": 0.53667,
        "P@3": 0.23444,
        "P@5": 0.15533,
        "P@10": 0.086,
        "P@20": 0.04617,
        "P@100": 0.01017
    },
    "mrr": {
        "MRR@1": 0.53667,
        "MRR@3": 0.59556,
        "MRR@5": 0.60822,
        "MRR@10": 0.6165,
        "MRR@20": 0.61947,
        "MRR@100": 0.62183
    }
}