{
    "ndcg": {
        "NDCG@1": 0.14651,
        "NDCG@3": 0.23884,
        "NDCG@5": 0.29007,
        "NDCG@10": 0.36037,
        "NDCG@20": 0.39951,
        "NDCG@100": 0.42741
    },
    "map": {
        "MAP@1": 0.14651,
        "MAP@3": 0.21574,
        "MAP@5": 0.24416,
        "MAP@10": 0.27314,
        "MAP@20": 0.28414,
        "MAP@100": 0.28846
    },
    "recall": {
        "Recall@1": 0.14651,
        "Recall@3": 0.30583,
        "Recall@5": 0.4303,
        "Recall@10": 0.64794,
        "Recall@20": 0.80085,
        "Recall@100": 0.94452
    },
    "precicion": {
        "P@1": 0.14651,
        "P@3": 0.10194,
        "P@5": 0.08606,
        "P@10": 0.06479,
        "P@20": 0.04004,
        "P@100": 0.00945
    },
    "mrr": {
        "MRR@1": 0.15007,
        "MRR@3": 0.21835,
        "MRR@5": 0.24591,
        "MRR@10": 0.27464,
        "MRR@20": 0.28567,
        "MRR@100": 0.28996
    }
}