{
    "ndcg": {
        "NDCG@1": 0.41641,
        "NDCG@3": 0.37854,
        "NDCG@5": 0.35535,
        "NDCG@10": 0.31861,
        "NDCG@20": 0.29541,
        "NDCG@100": 0.28371
    },
    "map": {
        "MAP@1": 0.0551,
        "MAP@3": 0.09004,
        "MAP@5": 0.1035,
        "MAP@10": 0.11917,
        "MAP@20": 0.13138,
        "MAP@100": 0.14691
    },
    "recall": {
        "Recall@1": 0.0551,
        "Recall@3": 0.09666,
        "Recall@5": 0.11956,
        "Recall@10": 0.1493,
        "Recall@20": 0.18578,
        "Recall@100": 0.27789
    },
    "precicion": {
        "P@1": 0.43034,
        "P@3": 0.35397,
        "P@5": 0.3065,
        "P@10": 0.23282,
        "P@20": 0.17167,
        "P@100": 0.07012
    },
    "mrr": {
        "MRR@1": 0.43653,
        "MRR@3": 0.50155,
        "MRR@5": 0.51161,
        "MRR@10": 0.51844,
        "MRR@20": 0.52134,
        "MRR@100": 0.52367
    }
}