{
    "ndcg": {
        "NDCG@1": 0.56,
        "NDCG@3": 0.60742,
        "NDCG@5": 0.63427,
        "NDCG@10": 0.65876,
        "NDCG@20": 0.67011,
        "NDCG@100": 0.68511
    },
    "map": {
        "MAP@1": 0.53528,
        "MAP@3": 0.58672,
        "MAP@5": 0.60426,
        "MAP@10": 0.61595,
        "MAP@20": 0.61956,
        "MAP@100": 0.62185
    },
    "recall": {
        "Recall@1": 0.53528,
        "Recall@3": 0.64094,
        "Recall@5": 0.70533,
        "Recall@10": 0.77611,
        "Recall@20": 0.81856,
        "Recall@100": 0.897
    },
    "precicion": {
        "P@1": 0.56,
        "P@3": 0.23111,
        "P@5": 0.15667,
        "P@10": 0.08733,
        "P@20": 0.04633,
        "P@100": 0.0102
    },
    "mrr": {
        "MRR@1": 0.56,
        "MRR@3": 0.60667,
        "MRR@5": 0.621,
        "MRR@10": 0.62994,
        "MRR@20": 0.6327,
        "MRR@100": 0.63441
    }
}